"code","fdc_id","product_name","fdc_data_source","modified_date","available_date","discontinued_date","publication_date","serving_size","fdc_category","brand_owner","ingredients_text","serving_size_value","serving_size_unit","market_country","energy-kcal_100g","proteins_g_100g","carbohydrates_g_100g","sugars_g_100g","fat_g_100g","saturated-fat_g_100g","monounsaturated-fat_g_100g","polyunsaturated-fat_g_100g","trans-fat_g_100g","cholesterol_mg_100g","fiber_g_100g","sodium_mg_100g","calcium_mg_100g","iron_mg_100g","vitamin-a_iu_100g","vitamin-c_mg_100g","potassium_mg_100g","vitamin-pp_mg_100g","vitamin-b1_mg_100g","vitamin-b2_mg_100g","vitamin-b6_mg_100g","phosphorus_mg_100g","magnesium_mg_100g","vitamin_b12_ug_100g","zinc_mg_100g","folates_ug_100g","pantothenic-acid_mg_100g","vitamin-b9_ug_100g","soluble-fiber_g_100g","copper_mg_100g","insoluble-fiber_g_100g","manganese_mg_100g","polyols_g_100g","selenium_ug_100g","phylloquinone_ug_100g","iodine_ug_100g","biotin_ug_100g","caffeine_mg_100g","molybdenum_ug_100g","chromium_ug_100g","brand_name","subbrand_name","not_a_significant_source_of"
"00027000612323","1105904","WESSON Vegetable Oil 1 GAL","GDSN","2020-10-02T00:00:00Z","2020-11-13T00:00:00Z","","2020-11-13T00:00:00Z","","Oils Edible","Richardson Oilseed Products (US) Limited","Vegetable Oil","15","ml","United States","867","0","0","0","93.33","13.33","20","53.33","0","0","0","0","0","0","0","0","0","","","","","","","","","","","","","","","","","","","","","","","","","",""
"00051000198808","1105905","SWANSON BROTH BEEF","GDSN","2020-09-12T00:00:00Z","2020-11-13T00:00:00Z","","2020-11-13T00:00:00Z","","Herbs/Spices/Extracts","CAMPBELL SOUP COMPANY","INGREDIENTS: BEEF STOCK, CONTAINS LESS THAN 2% OF: MIREPOIX (CARROTS, CELERY, ONIONS), SALT, NATURAL FLAVORING, YEAST EXTRACT, CANE SUGAR.","240","ml","United States","4","0.83","0.42","0.42","0","0","","","0","0","0","346","0","0","","","0","","","","","","","","","","","","","","","","","","","","","","","","","",""
"00051000213273","1105906","CAMPBELL'S SLOW KETTLE SOUP CLAM CHOWDER","GDSN","2020-09-01T00:00:00Z","2020-11-13T00:00:00Z","","2020-11-13T00:00:00Z","","Prepared Soups","CAMPBELL SOUP COMPANY","INGREDIENTS: CLAM STOCK, POTATOES, CLAMS, CREAM, VEGETABLE OIL (CORN, CANOLA, AND/OR SOYBEAN), CELERY, CONTAINS LESS THAN 2% OF: MODIFIED FOOD STARCH, SALT, WHEAT FLOUR, SOY PROTEIN CONCENTRATE, UNCURED SMOKED BACON PIECES-NO NITRATES OR NITRITES ADDED, EXCEPT FOR THOSE NATURALLY OCCURRING IN SEA SALT (PORK, WATER, SEA SALT, SUGAR), DRIED ONIONS, SPICES, SODIUM PHOSPHATE, FLAVORING, CLAM EXTRACT, SUCCINIC ACID, SUGAR, SOY LECITHIN, SOY SAUCE (SOYBEANS, WHEAT, SALT).CONTAINS: COD, WHEAT, MILK, SOY.","440","g","United States","82","2.45","6.12","0.41","5.31","1.02","","","0","6","0.4","363","16","0.24","","","65","","","","","","","","","","","","","","","","","","","","","","","","","",""
"00051000213303","1105907","CAMPBELL'S SLOW KETTLE SOUP CHEESE BROCCOLI","GDSN","2020-09-01T00:00:00Z","2020-11-13T00:00:00Z","","2020-11-13T00:00:00Z","","Prepared Soups","CAMPBELL SOUP COMPANY","INGREDIENTS: WATER, CREAM, BROCCOLI, CELERY, VEGETABLE OIL (CORN, CANOLA, AND/OR SOYBEAN), MODIFIED FOOD STARCH, CHEDDAR CHEESE** (CHEDDAR CHEESE [CULTURED MILK, SALT, ENZYMES], WHEY, SALT, SODIUM PHOSPHATE), CONTAINS LESS THAN 2% OF: BUTTER, PARMESAN AND CHEDDAR CHEESE (MILK, CULTURES, SALT, ENZYMES), WHEAT FLOUR, SALT, POTATOES**, ONIONS**, SOY PROTEIN CONCENTRATE, ROASTED GARLIC**, ANNATTO EXTRACT FOR COLOR, SOY LECITHIN.  **DRIEDCONTAINS: WHEAT, MILK, SOY.","440","g","United States","82","1.22","5.31","0.82","6.12","2.45","","","0","10","0.4","322","33","0.16","","","65","","","","","","","","","","","","","","","","","","","","","","","","","",""
"00051000224637","1105908","SWANSON BROTH CHICKEN","GDSN","2020-10-03T00:00:00Z","2020-11-13T00:00:00Z","","2020-11-13T00:00:00Z","","Herbs/Spices/Extracts","CAMPBELL SOUP COMPANY","INGREDIENTS: CHICKEN STOCK, CONTAINS LESS THAN 2% OF: YEAST EXTRACT, DEHYDRATED CHICKEN, NATURAL FLAVORING, CARROT JUICE CONCENTRATE, CELERIAC JUICE CONCENTRATE, CHICKEN FAT, ONION EXTRACT.","240","ml","United States","4","0.83","0.42","0.42","0","0","","","0","0","0","15","4","0","","","12","","","","","","","","","","","","","","","","","","","","","","","","","",""
"00051000227492","1105909","CAMPBELL'S SOUP BEAN AND HAM","GDSN","2020-09-01T00:00:00Z","2020-11-13T00:00:00Z","","2020-11-13T00:00:00Z","","Prepared Soups","CAMPBELL SOUP COMPANY","INGREDIENTS: WATER, PEA BEANS, CARROTS, COOKED HAM - WATER ADDED (PORK, WATER, SALT, SUGAR, SODIUM PHOSPHATES, SODIUM ASCORBATE, SODIUM NITRITE), CELERY, CONTAINS LESS THAN 2% OF: MODIFIED FOOD STARCH, SUGAR, TOMATO PASTE, SALT, WHEAT FLOUR, YEAST EXTRACT, MONOSODIUM GLUTAMATE, NATURAL FLAVORING, BETA CAROTENE FOR COLOR, DRIED PORK STOCK, ONION EXTRACT, SMOKE FLAVORING, GARLIC EXTRACT.CONTAINS: WHEAT","412","g","United States","61","3.67","10.61","1.63","0.61","0","","","0","4","2.4","306","24","0.82","","","155","","","","","","","","","","","","","","","","","","","","","","","","","",""
"00051000024213","1105910","SWANSON BROTH BEEF","GDSN","2020-10-03T00:00:00Z","2020-11-13T00:00:00Z","","2020-11-13T00:00:00Z","","Herbs/Spices/Extracts","CAMPBELL SOUP COMPANY","INGREDIENTS: BEEF STOCK, CONTAINS LESS THAN 2% OF: MIREPOIX (CARROTS, CELERY, ONIONS), SALT, NATURAL FLAVORING, YEAST EXTRACT, CANE SUGAR.","411","g","United States","4","0.85","0.43","0.43","0","0","","","0","0","0","353","0","0.09","","","13","","","","","","","","","","","","","","","","","","","","","","","","","",""
"00051000227478","1105911","PREGO SAUCES TOMATO BASIL","GDSN","2020-09-01T00:00:00Z","2020-11-13T00:00:00Z","","2020-11-13T00:00:00Z","","Sauces/Spreads/Dips/Condiments","CAMPBELL SOUP COMPANY","INGREDIENTS: DICED TOMATOES IN TOMATO JUICE, TOMATO PUREE (WATER, TOMATO PASTE), ONIONS, OLIVE OIL, GARLIC, CONTAINS LESS THAN 1% OF: SALT, BASIL, CITRIC ACID, BLACK PEPPER, OREGANO.","120","ml","United States","58","1.67","5.83","3.33","3.33","0.42","","","0","0","2.5","358","33","0.3","","","175","","","","","","","","","","","","","","","","","","","","","","","","","",""
"00051000058874","1105912","CAMPBELL'S SOUP TOMATO","GDSN","2020-09-01T00:00:00Z","2020-11-13T00:00:00Z","","2020-11-13T00:00:00Z","","Prepared Soups","CAMPBELL SOUP COMPANY","INGREDIENTS: TOMATO PUREE (WATER, TOMATO PASTE), WATER, HIGH FRUCTOSE CORN SYRUP, WHEAT FLOUR, CONTAINS LESS THAN 2% OF: VEGETABLE OIL (CORN, CANOLA, AND/OR SOYBEAN), SALT, POTASSIUM CHLORIDE, NATURAL FLAVORING, CITRIC ACID, ASCORBIC ACID (VITAMIN C), MONOPOTASSIUM PHOSPHATE, CELERY EXTRACT, GARLIC OIL. CONTAINS: WHEAT","120","ml","United States","75","1.67","15","9.17","1.25","0","0","0.42","0","0","0.8","342","17","0.33","","9.2","517","","","","","","","","","","","","","","","","","","","","","","","","","",""
"00051000232847","1105913","CAMPBELL'S PASTA SPAGHETTIOS W FRANKS","GDSN","2020-09-26T00:00:00Z","2020-11-13T00:00:00Z","","2020-11-13T00:00:00Z","","Dough Based Products / Meals","CAMPBELL SOUP COMPANY","INGREDIENTS: WATER, TOMATO PUREE (WATER, TOMATO PASTE), CHICKEN AND PORK FRANKFURTERS MADE WITH CHICKEN, PORK AND BEEF (MECHANICALLY SEPARATED CHICKEN, PORK, WATER, CORN SYRUP, SALT, BEEF, MODIFIED FOOD STARCH, DEXTROSE, ASCORBIC ACID, SODIUM NITRITE, NATURAL FLAVORS), ENRICHED PASTA (WHEAT FLOUR, NIACIN, FERROUS  SULFATE, THIAMINE MONONITRATE, RIBOFLAVIN, FOLIC ACID), HIGH FRUCTOSE CORN SYRUP, CONTAINS LESS THAN 2% OF: PREPARED MUSTARD (DISTILLED VINEGAR, WATER, MUSTARD SEED, SALT, TURMERIC, PAPRIKA, SPICE, GARLIC*), ENZYME MODIFIED CHEDDAR CHEESE (CHEDDAR CHEESE [CULTURED MILK, SALT, ENZYMES, CALCIUM CHLORIDE], WATER, DISODIUM PHOSPHATE, ENZYMES), SALT, FLAVORING, CITRIC ACID, ENZYME MODIFIED BUTTER, RECONSTITUTED SKIM MILK, MONOPOTASSIUM PHOSPHATE, GARLIC*. *DRIED CONTAINS: WHEAT, MILK","443","g","United States","87","3.57","11.51","3.97","2.78","0.79","1.19","0.6","0","10","1.2","238","12","0.63","","","147","","0","0.079","","","","","","","","22","","","","","","","","","","","","","","",""
"00039400019107","1105914","BUSH'S Bourbon and Brown Sugar Grillin' Beans 22 oz","GDSN","2020-09-09T00:00:00Z","2020-11-13T00:00:00Z","","2020-11-13T00:00:00Z","","Vegetables  Prepared/Processed","Bush Brothers And Company","Prepared Navy Beans, Water, Brown Sugar, Onion, Tomato Puree (Tomato Paste, Water), Salt, Modified Corn Starch, Vinegar, Garlic Powder, Natural Flavor, Spice, Caramel Color.","130","g","United States","125","5.12","25.88","11.51","0.35","0.04","","","0","0","3.5","379","43","1.52","","","297","","","","","","","","","","","","","","","","","","","","","","","","","",""
"00039400017073","1105915","BUSH'S Organic Garbanzo Beans 110 oz","GDSN","2020-09-21T00:00:00Z","2020-11-13T00:00:00Z","","2020-11-13T00:00:00Z","","Vegetables  Prepared/Processed","Bush Brothers And Company","Prepared Organic Chick Peas, Water, Sea Salt.","130","g","United States","105","5.78","17.55","2.98","1.68","0.17","","","0","0","3.4","278","17","1.2","","","200","","","","","","","","","","","","","","","","","","","","","","","","","",""
"00039400019121","1105916","BUSH'S Smokehouse Tradition Grillin' Beans 22 oz","GDSN","2020-09-09T00:00:00Z","2020-11-13T00:00:00Z","","2020-11-13T00:00:00Z","","Vegetables  Prepared/Processed","Bush Brothers And Company","Prepared Navy Beans, Water, Brown Sugar. Contains 2% or Less of: Onion, Red Bell Pepper, Tomato Puree (Tomato Paste, Water), Salt, Modified Corn Starch, Mustard (Water, Vinegar, Mustard Seed, Salt, Paprika, Turmeric), Vinegar, Natural Flavor, Autolyzed Yeast Extract, Natural Smoke Flavor, Spice, Tomato Powder, Vinegar Powder, Caramel Color, Pork Fat, Bacon, Bacon Fat, Garlic Powder, Tamarind.","130","g","United States","129","5.23","26.12","11.58","0.75","0.11","","","0","0","3.6","437","43","1.5","","","300","","","","","","","","","","","","","","","","","","","","","","","","","",""
"00657522750533","1105917","PEPPERIDGE FARM BREAD TUSCAN","GDSN","2020-09-12T00:00:00Z","2020-11-13T00:00:00Z","","2020-11-13T00:00:00Z","","Bread","PEPPERIDGE FARM","MADE FROM: ENRICHED WHEAT FLOUR (FLOUR, NIACIN, REDUCED IRON, THIAMINE MONONITRATE, RIBOFLAVIN, FOLIC ACID), WATER, CONTAINS 2% OR LESS OF: SALT, CANOLA AND EXTRA VIRGIN OLIVE OILS, WHEAT GLUTEN, MALT SYRUP, YEAST, MALTED BARLEY FLOUR, RICE FLOUR, SESAME SEED MEAL.CONTAINS: WHEAT, SESAME SEED MEAL","57","g","United States","263","8.77","50.88","1.75","2.63","0","0.88","0.88","0","0","1.8","632","35","3.16","","","70","","0","0.281","","","","","","","","105","","","","","","","","","","","","","","",""
"00051000076885","1105918","PEPPERIDGE FARM BREAD GARLIC","GDSN","2020-09-26T00:00:00Z","2020-11-13T00:00:00Z","","2020-11-13T00:00:00Z","","Bread","CAMPBELL SOUP COMPANY","MADE FROM: ENRICHED WHEAT FLOUR (FLOUR, NIACIN, REDUCED IRON, THIAMINE MONONITRATE, RIBOFLAVIN, FOLIC ACID), WATER, MARGARINE (PALM OIL, WATER, SOYBEAN OIL, SALT, NATURAL FLAVOR, SOY LECITHIN, BETA CAROTENE (COLOR), VITAMIN A PALMITATE ADDED), MOZZARELLA CHEESE (PART-SKIM MILK, CULTURES, SALT, ENZYMES), SOYBEAN OIL, CONTAINS 2% OR LESS OF: YEAST, SALT, SUGAR, CORN MEAL, GARLIC POWDER, MALTED BARLEY FLOUR, PARSLEY FLAKES, GARLIC EXTRACT, SOY LECITHIN, WHEAT GLUTEN, TURMERIC  AND ANNATTO EXTRACTS (COLOR)CONTAINS: WHEAT, MILK, SOY","50","g","United States","360","10","38","2","18","7","","","0","10","2","600","120","2.6","","","100","","","","","","","","","","","","","","","","","","","","","","","","","",""
"00051000121141","1105919","SWANSON BROTH CHICKEN","GDSN","2020-09-26T00:00:00Z","2020-11-13T00:00:00Z","","2020-11-13T00:00:00Z","","Herbs/Spices/Extracts","CAMPBELL SOUP COMPANY","INGREDIENTS: CHICKEN STOCK, CONTAINS LESS THAN 2% OF: MIREPOIX (CARROTS, CELERY, ONIONS), SALT, CHICKEN BROTH*, CANE SUGAR, NATURAL FLAVORING, ONIONS*, YEAST EXTRACT, CHICKEN FAT.*DRIED","240","ml","United States","4","0.42","0.42","0.42","0","0","","","0","0","0","358","8","0.17","","","17","","","","","","","","","","","","","","","","","","","","","","","","","",""
"00014100074458","1105920","PEPPERIDGE FARM COOKIES GINGER","GDSN","2020-09-19T00:00:00Z","2020-11-13T00:00:00Z","","2020-11-13T00:00:00Z","","Biscuits/Cookies","PEPPERIDGE FARM","MADE FROM: ENRICHED WHEAT FLOUR (FLOUR, NIACIN, REDUCED IRON, THIAMINE MONONITRATE, RIBOFLAVIN, FOLIC ACID), SUGAR, BROWN SUGAR (SUGAR, INVERT SUGAR, MOLASSES), PALM OIL, EGGS, MOLASSES, CONTAINS 2% OR LESS OF: SALT, CORNSTARCH, GINGER, BAKING SODA, CINNAMON, SOY LECITHIN.  CONTAINS: WHEAT, EGGS, SOY.","28","g","United States","464","3.57","78.57","46.43","12.5","5.36","","","0","36","0","321","71","3.21","","","179","","","","","","","","","","","","","","","","","","","","","","","","","",""
"00657522750038","1105921","PEPPERIDGE FARM BREAD TUSCAN","GDSN","2020-09-12T00:00:00Z","2020-11-13T00:00:00Z","","2020-11-13T00:00:00Z","","Bread","PEPPERIDGE FARM","MADE FROM: ENRICHED WHEAT FLOUR (FLOUR, NIACIN, REDUCED IRON, THIAMINE MONONITRATE, RIBOFLAVIN, FOLIC ACID), WATER, CONTAINS 2% OR LESS OF: SALT, CANOLA AND EXTRA VIRGIN OLIVE OILS, WHEAT GLUTEN, MALT SYRUP, YEAST, MALTED BARLEY FLOUR, RICE FLOUR, SESAME SEED MEAL.CONTAINS: WHEAT, SESAME SEED MEAL.","57","g","United States","246","8.77","47.37","1.75","1.75","0","0.88","0","0","0","1.8","579","18","2.98","","","70","","0","0.263","","","","","","","","96","","","","","","","","","","","","","","",""
"00014100096054","1105922","PEPPERIDGE FARM COOKIES GRAHAM CHOCOLATE","GDSN","2020-09-01T00:00:00Z","2020-11-13T00:00:00Z","","2020-11-13T00:00:00Z","","Biscuits/Cookies","PEPPERIDGE FARM","MADE WITH SMILES AND WHOLE WHEAT FLOUR, SUGAR, ENRICHED WHEAT FLOUR (FLOUR, NIACIN, REDUCED IRON, THIAMINE MONONITRATE, RIBOFLAVIN, FOLIC ACID), VEGETABLE OILS (CANOLA, SUNFLOWER AND/OR SOYBEAN), COCOA PROCESSED WITH ALKALI, INVERT SYRUP, CHOCOLATE, CONTAINS 2% OR LESS OF: NATURAL FLAVOR, PALM KERNEL OIL, PALM OIL, COCOA POWDER, NONFAT MILK, BAKING SODA, CORN SYRUP SOLIDS, BAKING POWDER (SODIUM ACID PYROPHOSPHATE, BAKING SODA, MONOCALCIUM PHOSPHATE), SALT, SOY LECITHIN.  CONTAINS: WHEAT, MILK, SOY.","30","g","United States","467","6.67","70","33.33","16.67","5","6.67","5","0","0","3.3","350","33","7.33","","","400","","","","","","","","","","","","","","","","","","","","","","","","","",""
"00657522750311","1105923","PEPPERIDGE FARM BREAD FOCACCIA","GDSN","2020-09-12T00:00:00Z","2020-11-13T00:00:00Z","","2020-11-13T00:00:00Z","","Bread","PEPPERIDGE FARM","MADE FROM: ENRICHED WHEAT FLOUR (FLOUR, NIACIN, REDUCED IRON, THIAMINE MONONITRATE, RIBOFLAVIN, FOLIC ACID), WATER, CONTAINS 2% OR LESS OF: CANOLA AND EXTRA VIRGIN OLIVE OILS, SALT, THYME, SUGAR, YEAST, MALT SYRUP, MALTED BARLEY FLOUR, RICE FLOUR, SESAME SEED MEAL.CONTAINS: WHEAT, SESAME SEED MEAL.","91","g","United States","253","8.79","50.55","1.1","2.2","0","1.1","1.1","0","0","2.2","495","22","3.52","","","77","","0","0.286","","","","","","","","104","","","","","","","","","","","","","","",""
"00051000075208","1105924","PEPPERIDGE FARM PASTRY PEACH","GDSN","2020-09-12T00:00:00Z","2020-11-13T00:00:00Z","","2020-11-13T00:00:00Z","","Sweet Bakery Products","CAMPBELL SOUP COMPANY","MADE FROM: PEACHES, ENRICHED WHEAT FLOUR (FLOUR, NIACIN, REDUCED IRON, THIAMINE MONONITRATE, RIBOFLAVIN, FOLIC ACID), WATER, SUGAR, VEGETABLE OILS (PALM, SOYBEAN, HYDROGENATED COTTONSEED), MODIFIED CORNSTARCH, CONTAINS 2% OR LESS OF: HIGH FRUCTOSE CORN SYRUP, DEHYDRATED APPLES, SALT, CITRIC ACID, MONO AND DIGLYCERIDES, SOY LECITHIN, MALTED BARLEY FLOUR, TURMERIC AND ANNATTO EXTRACTS FOR COLOR.CONTAINS: WHEAT,  SOY.","89","g","United States","281","2.25","34.83","16.85","14.61","7.87","","","0","0","1.1","258","0","1.01","","","67","","","","","","","","","","","","","","","","","","","","","","","","","",""
"00657522750021","1105925","PEPPERIDGE FARM BREAD MULTIGRAIN","GDSN","2020-09-12T00:00:00Z","2020-11-13T00:00:00Z","","2020-11-13T00:00:00Z","","Bread","PEPPERIDGE FARM","MADE FROM: ENRICHED WHEAT FLOUR (FLOUR, NIACIN, REDUCED IRON, THIAMINE MONONITRATE, RIBOFLAVIN, FOLIC ACID), WHOLE WHEAT FLOUR, WATER, HONEY, CRACKED WHEAT, OATS, MALT SYRUP, FLAXSEED, WHEAT BRAN, WHEAT GERM, SUGAR, CONTAINS 2% OR LESS OF: SALT, WHEAT GLUTEN, YEAST, MALTED BARLEY FLOUR, RICE FLOUR, SESAME SEED MEAL.CONTAINS: WHEAT, SESAME SEED MEAL.","57","g","United States","263","8.77","52.63","8.77","1.75","0","0","0.88","0","0","7","614","18","3.16","","","228","","0","0.404","","","","","","","","44","","","","","","","","","","","","","","",""
"00657522750113","1105926","PEPPERIDGE FARM BREAD OLIVE BATARD","GDSN","2020-09-12T00:00:00Z","2020-11-13T00:00:00Z","","2020-11-13T00:00:00Z","","Bread","PEPPERIDGE FARM","MADE FROM: ENRICHED WHEAT FLOUR (FLOUR, NIACIN, REDUCED IRON, THIAMINE MONONITRATE, RIBOFLAVIN, FOLIC ACID), WATER, OLIVES, CONTAINS 2% OR LESS OF: SALT, WHEAT BRAN, CANOLA AND EXTRA VIRGIN OLIVE OILS, BLACK PEPPER, YEAST, THYME, MALTED BARLEY FLOUR, RICE FLOUR, SESAME SEED MEAL. CONTAINS: WHEAT, SESAME SEED MEAL.","57","g","United States","263","8.77","45.61","1.75","4.39","0","2.63","0.88","0","0","3.5","842","35","3.16","","","88","","0","0.246","","","","","","","","88","","","","","","","","","","","","","","",""
"00051000140029","1105927","PEPPERIDGE FARM BREAD CHEESE","GDSN","2020-09-12T00:00:00Z","2020-11-13T00:00:00Z","","2020-11-13T00:00:00Z","","Bread","CAMPBELL SOUP COMPANY","MADE FROM: ENRICHED WHEAT FLOUR (FLOUR, NIACIN, REDUCED IRON, THIAMINE MONONITRATE, RIBOFLAVIN, FOLIC ACID), WATER, LOW-MOISTURE PART-SKIM MOZZARELLA CHEESE (PART-SKIM MILK, CULTURES, SALT, ENZYMES), SOYBEAN OIL, CONTAINS 2% OR LESS OF: MONTEREY JACK CHEESE  (MILK, CULTURES, SALT, ENZYMES), SALT, YEAST, SUGAR, PARSLEY, NATURAL FLAVORS (GARLIC), MALTED BARLEY FLOUR, SOY LECITHIN.CONTAINS: WHEAT, MILK, SOY.","45","g","United States","333","11.11","33.33","2.22","17.78","4.44","","","0","11","2.2","422","156","2.44","","","67","","","","","","","","","","","","","","","","","","","","","","","","","",""
"00014100096559","1105928","PEPPERIDGE FARM CRACKERS CHEDDAR","GDSN","2020-09-12T00:00:00Z","2020-11-13T00:00:00Z","","2020-11-13T00:00:00Z","","Biscuits/Cookies","PEPPERIDGE FARM","MADE WITH SMILES AND ENRICHED WHEAT FLOUR (FLOUR, NIACIN, REDUCED IRON, THIAMINE MONONITRATE, RIBOFLAVIN, FOLIC ACID), CHEDDAR CHEESE ([CULTURED MILK, SALT, ENZYMES], ANNATTO), VEGETABLE OILS (CANOLA, SUNFLOWER AND/OR SOYBEAN), SALT, CONTAINS 2% OR LESS OF: YEAST, SUGAR, AUTOLYZED YEAST EXTRACT, PAPRIKA, SPICES, CELERY, ONION POWDER, MONOCALCIUM PHOSPHATE, BAKING SODA. CONTAINS: WHEAT, MILK.","30","g","United States","467","10","66.67","0","16.67","3.33","6.67","3.33","0","33","3.3","833","133","4.33","","","167","","0","0.567","","","","","","","","150","","","","","","","","","","","","","","",""
"00014100074106","1105929","PEPPERIDGE FARM COOKIES","GDSN","2020-09-01T00:00:00Z","2020-11-13T00:00:00Z","","2020-11-13T00:00:00Z","","Biscuits/Cookies","PEPPERIDGE FARM","MADE FROM: ENRICHED WHEAT FLOUR (FLOUR, NIACIN, REDUCED IRON, THIAMINE MONONITRATE, RIBOFLAVIN, FOLIC ACID), SUGAR, VEGETABLE OILS (PALM AND/OR SOYBEAN AND HYDROGENATED SOYBEAN), SWEETENER BLEND (INVERT SYRUP, MOLASSES), BUTTER, CORNSTARCH, NONFAT MILK, CONTAINS 2% OR LESS OF: EGG WHITES, SALT, BAKING SODA, SOY LECITHIN.  CONTAINS: WHEAT, MILK, EGGS, SOY.","27","g","United States","481","3.7","70.37","44.44","22.22","12.96","","","0","37","0","352","37","1.85","","","74","","","","","","","","","","","","","","","","","","","","","","","","","",""
"00051000146045","1105930","SWANSON BROTH BEEF","GDSN","2020-09-12T00:00:00Z","2020-11-13T00:00:00Z","","2020-11-13T00:00:00Z","","Herbs/Spices/Extracts","CAMPBELL SOUP COMPANY","INGREDIENTS: BEEF STOCK, CONTAINS LESS THAN 2% OF: MIREPOIX (CARROTS, CELERY, ONIONS), SALT, NATURAL FLAVORING, YEAST EXTRACT, CANE SUGAR.","240","ml","United States","4","0.83","0.42","0.42","0","0","","","0","0","0","346","0","0","","","0","","","","","","","","","","","","","","","","","","","","","","","","","",""
"00657522750267","1105931","PEPPERIDGE FARM BREAD CIABATTA","GDSN","2020-09-12T00:00:00Z","2020-11-13T00:00:00Z","","2020-11-13T00:00:00Z","","Bread","PEPPERIDGE FARM","MADE FROM: ENRICHED WHEAT FLOUR (FLOUR, NIACIN, REDUCED IRON, THIAMINE MONONITRATE, RIBOFLAVIN, FOLIC ACID), WATER, CANOLA AND EXTRA VIRGIN OLIVE OILS, CONTAINS 2% OR LESS OF: SALT, YEAST, MALTED BARLEY FLOUR, RICE FLOUR, SESAME SEED MEAL.CONTAINS: WHEAT, SESAME SEED MEAL.","99","g","United States","263","8.08","50.51","1.01","3.54","0","2.02","1.01","0","0","2","576","10","3.13","","","71","","0","0.293","","","","","","","","106","","","","","","","","","","","","","","",""
"00014100084709","1105932","PEPPERIDGE FARM COOKIES","GDSN","2020-09-12T00:00:00Z","2020-11-13T00:00:00Z","","2020-11-13T00:00:00Z","","Biscuits/Cookies","PEPPERIDGE FARM","MADE FROM: ENRICHED WHEAT FLOUR (FLOUR, NIACIN, REDUCED IRON, THIAMINE MONONITRATE, RIBOFLAVIN, FOLIC ACID), SUGAR, VEGETABLE OILS (PALM AND/OR SOYBEAN AND HYDROGENATED SOYBEAN), FRUCTOSE, CORN SYRUP SOLIDS, BUTTER, CONTAINS 2% OR LESS OF: EGGS, CORNSTARCH, CINNAMON, AMMONIUM BICARBONATE, SALT, NATURAL FLAVOR, BAKING SODA, CREAM OF TARTAR, CANOLA AND/OR SUNFLOWER OIL, NONFAT MILK, SOY LECITHIN. CONTAINS: WHEAT, MILK, EGGS, SOY.","31","g","United States","419","3.23","67.74","32.26","16.13","8.06","","","0","16","0","226","0","1.94","","","65","","","","","","","","","","","","","","","","","","","","","","","","","",""
"00051000024305","1105933","SWANSON BROTH CHICKEN","GDSN","2020-09-12T00:00:00Z","2020-11-13T00:00:00Z","","2020-11-13T00:00:00Z","","Herbs/Spices/Extracts","CAMPBELL SOUP COMPANY","INGREDIENTS: CHICKEN STOCK, CONTAINS LESS THAN 2% OF: MIREPOIX (CARROTS, CELERY, ONIONS), SALT, CHICKEN BROTH*, CANE SUGAR, NATURAL FLAVORING, ONIONS*, YEAST EXTRACT, CHICKEN FAT. *DRIED","240","ml","United States","4","0.42","0.42","0.42","0","0","","","0","0","0","358","4","0.08","","","21","","","","","","","","","","","","","","","","","","","","","","","","","",""
"00051000075192","1105934","PEPPERIDGE FARM PASTRY CHERRY","GDSN","2020-09-26T00:00:00Z","2020-11-13T00:00:00Z","","2020-11-13T00:00:00Z","","Sweet Bakery Products","CAMPBELL SOUP COMPANY","MADE FROM: CHERRIES, ENRICHED WHEAT FLOUR (FLOUR, NIACIN, REDUCED IRON, THIAMINE MONONITRATE, RIBOFLAVIN, FOLIC ACID), WATER, VEGETABLE OILS (PALM, SOYBEAN, HYDROGENATED COTTONSEED), SUGAR, MODIFIED CORNSTARCH, CONTAINS 2% OR LESS OF: CORN SYRUP, HIGH FRUCTOSE CORN SYRUP, SALT, MONO AND DIGLYCERIDES, SOY LECITHIN, MALTED BARLEY FLOUR, TURMERIC AND ANNATTO EXTRACTS FOR COLOR, CONTAINS: WHEAT, SOY.MADE WITH REAL CHERRIES - MAY CONTAIN PITS.","89","g","United States","258","2.25","30.34","11.24","14.61","7.87","","","0","0","1.1","258","11","1.12","","","56","","","","","","","","","","","","","","","","","","","","","","","","","",""
"00014100074625","1105935","PEPPERIDGE FARM COOKIES","GDSN","2020-09-01T00:00:00Z","2020-11-13T00:00:00Z","","2020-11-13T00:00:00Z","","Biscuits/Cookies","PEPPERIDGE FARM","MADE FROM: ENRICHED WHEAT FLOUR (FLOUR, NIACIN, REDUCED IRON, THIAMINE MONONITRATE, RIBOFLAVIN, FOLIC ACID), SUGAR, BUTTER, HIGH FRUCTOSE CORN SYRUP, CORN SYRUP, CORNSTARCH, VEGETABLE OILS (PALM AND/OR SOYBEAN AND HYDROGENATED SOYBEAN), CONTAINS 2% OR LESS OF: APRICOT PUREE CONCENTRATE, RASPBERRY CONCENTRATE, EGGS, NONFAT MILK, PECTIN, SOY PROTEIN, BAKING SODA, CITRIC ACID, SALT, CREAM OF TARTAR, SODIUM CITRATE, CARAMEL COLOR.  CONTAINS: WHEAT, MILK, EGG, SOY.","32","g","United States","406","3.12","68.75","31.25","14.06","7.81","","","0","31","3.1","219","31","2.19","","","62","","","","","","","","","","","","","","","","","","","","","","","","","",""
"00657522750151","1105936","PEPPERIDGE FARM BREAD GARLIC","GDSN","2020-09-12T00:00:00Z","2020-11-13T00:00:00Z","","2020-11-13T00:00:00Z","","Bread","PEPPERIDGE FARM","MADE FROM: ENRICHED WHEAT FLOUR (FLOUR, NIACIN, REDUCED IRON, THIAMINE MONONITRATE, RIBOFLAVIN, FOLIC ACID), WATER, ROASTED GARLIC, CONTAINS 2% OR LESS OF: SALT, CANOLA AND EXTRA VIRGIN OLIVE OILS, YEAST, MALTED BARLEY FLOUR, BLACK PEPPER, RICE FLOUR, SESAME SEED MEAL.CONTAINS: WHEAT, SESAME SEED MEAL.","57","g","United States","246","8.77","49.12","1.75","1.75","0","0.88","0","0","0","1.8","509","18","2.81","","","105","","0","0.263","","","","","","","","96","","","","","","","","","","","","","","",""
"00014100046424","1105937","PEPPERIDGE FARM COOKIES SMORES","GDSN","2020-09-12T00:00:00Z","2020-11-13T00:00:00Z","","2020-11-13T00:00:00Z","","Biscuits/Cookies","PEPPERIDGE FARM","MADE FROM: ENRICHED WHEAT FLOUR (FLOUR, NIACIN, REDUCED IRON, THIAMINE MONONITRATE, RIBOFLAVIN, FOLIC ACID), SUGAR, VEGETABLE OILS (PALM AND/OR SOYBEAN AND HYDROGENATED SOYBEAN, PALM KERNEL, CANOLA), MILK CHOCOLATE (SUGAR, COCOA BUTTER, NONFAT MILK, CHOCOLATE, MILKFAT, DEXTROSE, SOY LECITHIN, VANILLA EXTRACT), BUTTER, CORN SYRUP SOLIDS, FRUCTOSE, CONTAINS 2% OR LESS OF: NONFAT MILK, CORNSTARCH, EGGS, DEXTROSE, SALT, BAKING SODA, MONOCALCIUM PHOSPHATE, NATURAL FLAVOR, AMMONIUM BICARBONATE, HONEY, CARAMEL COLOR, CELLULOSE GUM, SOY LECITHIN, ANNATTO FOR COLOR.  CONTAINS: WHEAT, MILK, SOY, EGGS.","30","g","United States","500","3.33","63.33","33.33","23.33","11.67","","","0","33","0","283","33","2","","","100","","","","","","","","","","","","","","","","","","","","","","","","","",""
"00051000142962","1105938","SWANSON BROTH BEEF","GDSN","2020-10-03T00:00:00Z","2020-11-13T00:00:00Z","","2020-11-13T00:00:00Z","","Herbs/Spices/Extracts","CAMPBELL SOUP COMPANY","INGREDIENTS: BEEF STOCK, CONTAINS LESS THAN 2% OF: MIREPOIX (CARROTS, CELERY, ONIONS), SALT, NATURAL FLAVORING, YEAST EXTRACT, CANE SUGAR.","240","ml","United States","4","0.83","0.42","0.42","0","0","","","0","0","0","171","0","0","","","4","","","","","","","","","","","","","","","","","","","","","","","","","",""
"00657522098079","1105939","PEPPERIDGE FARM BREAD","GDSN","2020-09-12T00:00:00Z","2020-11-13T00:00:00Z","","2020-11-13T00:00:00Z","","Bread","PEPPERIDGE FARM","MADE FROM: ENRICHED WHEAT FLOUR (FLOUR, NIACIN, REDUCED IRON, THIAMINE MONONITRATE, RIBOFLAVIN, FOLIC ACID), WATER, CONTAINS 2% OR LESS OF: SALT, MALT SYRUP, CULTURED WHEAT STARCH AND WHEAT FLOUR, DISTILLED VINEGAR, YEAST, CITRIC ACID, MALTED BARLEY FLOUR, SESAME SEED MEAL, RICE FLOUR.CONTAINS: WHEAT, SESAME SEED MEAL.","57","g","United States","246","8.77","50.88","0","0.88","0","0","0","0","0","1.8","596","18","2.98","","","88","","0","0.333","","","","","","","","114","","","","","","","","","","","","","","",""
"00014100041993","1105940","PEPPERIDGE FARM COOKIES STRAWBERRY","GDSN","2020-09-12T00:00:00Z","2020-11-13T00:00:00Z","","2020-11-13T00:00:00Z","","Biscuits/Cookies","PEPPERIDGE FARM","MADE FROM: ENRICHED WHEAT FLOUR (FLOUR, NIACIN, REDUCED IRON, THIAMINE MONONITRATE, RIBOFLAVIN, FOLIC ACID), SUGAR, VEGETABLE OILS (PALM KERNEL, PALM AND/OR SOYBEAN AND HYDROGENATED SOYBEAN), FRUCTOSE, CORN SYRUP SOLIDS, CRANBERRIES, CREAM CHEESE (MILK AND CREAM, CULTURES, SALT, CAROB BEAN GUM), BUTTER, CONTAINS 2% OR LESS OF: NONFAT MILK, EGGS, CORNSTARCH, NATURAL FLAVORS, WHEY POWDER, AMMONIUM BICARBONATE, MILK FAT, SALT, MONOCALCIUM PHOSPHATE, BAKING SODA, CITRIC ACID, SOY LECITHIN, ELDERBERRY JUICE CONCENTRATE (COLOR).CONTAINS: WHEAT, MILK, EGGS, SOY.","30","g","United States","467","3.33","63.33","30","23.33","11.67","","","0","17","0","233","33","1.67","","","67","","","","","","","","","","","","","","","","","","","","","","","","","",""
"00014100098676","1105941","PEPPERIDGE FARM COOKIES PEPPERMINT","GDSN","2020-09-12T00:00:00Z","2020-11-13T00:00:00Z","","2020-11-13T00:00:00Z","","Biscuits/Cookies","PEPPERIDGE FARM","MADE FROM: ENRICHED WHEAT FLOUR (FLOUR, NIACIN, REDUCED IRON, THIAMINE MONONITRATE, RIBOFLAVIN, FOLIC ACID), SEMI SWEET CHOCOLATE (SUGAR, CHOCOLATE, CHOCOLATE PROCESSED WITH ALKALI, COCOA BUTTER, MILKFAT, SOY LECITHIN, VANILLA EXTRACT), SUGAR, VEGETABLE OILS (PALM AND/OR SOYBEAN AND HYDROGENATED SOYBEAN), CORN SYRUP, CONTAINS 2% OR LESS OF: CORNSTARCH, EGGS, CORN SYRUP SOLIDS, SALT, BAKING SODA, TITANIUM DIOXIDE (COLOR), NATURAL FLAVOR, SOY LECITHIN, NONFAT MILK, RED 40, PEPPERMINT OIL.  CONTAINS: WHEAT, MILK, SOY, EGGS.","29","g","United States","517","6.9","65.52","37.93","24.14","10.34","","","0","17","3.4","172","34","5.17","","","207","","","","","","","","","","","","","","","","","","","","","","","","","",""
"00051000142979","1105942","SWANSON BROTH BEEF-LOW SODIUM","GDSN","2020-10-03T00:00:00Z","2020-11-13T00:00:00Z","","2020-11-13T00:00:00Z","","Herbs/Spices/Extracts","CAMPBELL SOUP COMPANY","INGREDIENTS: BEEF STOCK, CONTAINS LESS THAN 2% OF: MIREPOIX (CARROTS, CELERY, ONIONS), SALT, NATURAL FLAVORING, YEAST EXTRACT, CANE SUGAR.","411","g","United States","4","0.85","0.43","0.43","0","0","","","0","0","0","174","4","0.09","","","4","","","","","","","","","","","","","","","","","","","","","","","","","",""
"00657522750281","1105943","PEPPERIDGE FARM BREAD SESAME","GDSN","2020-09-12T00:00:00Z","2020-11-13T00:00:00Z","","2020-11-13T00:00:00Z","","Bread","PEPPERIDGE FARM","MADE FROM: ENRICHED WHEAT FLOUR (FLOUR, NIACIN, REDUCED IRON, THIAMINE MONONITRATE, RIBOFLAVIN, FOLIC ACID), WATER, CONTAINS 2% OR LESS OF: SALT, SESAME SEEDS, MALT SYRUP, YEAST, MALTED BARLEY FLOUR, RICE FLOUR.CONTAINS: WHEAT, SESAME SEEDS.","57","g","United States","246","8.77","49.12","1.75","0.88","0","0","0","0","0","1.8","632","35","3.16","","","70","","0","0.281","","","","","","","","105","","","","","","","","","","","","","","",""
"00657522750205","1105944","PEPPERIDGE FARM BREAD CIABATTA","GDSN","2020-09-12T00:00:00Z","2020-11-13T00:00:00Z","","2020-11-13T00:00:00Z","","Bread","PEPPERIDGE FARM","MADE FROM: ENRICHED WHEAT FLOUR (FLOUR, NIACIN, REDUCED IRON, THIAMINE MONONITRATE, RIBOFLAVIN, FOLIC ACID), WATER, CANOLA AND EXTRA VIRGIN OLIVE OILS, CONTAINS 2% OR LESS OF: SALT, YEAST, MALTED BARLEY FLOUR, RICE FLOUR, SESAME SEED MEAL.CONTAINS: WHEAT, SESAME SEED MEAL.","57","g","United States","263","8.77","50.88","0","3.51","0","1.75","0.88","0","0","1.8","561","18","2.98","","","70","","0","0.281","","","","","","","","105","","","","","","","","","","","","","","",""
"00014100074380","1105945","PEPPERIDGE FARM COOKIES","GDSN","2020-09-12T00:00:00Z","2020-11-13T00:00:00Z","","2020-11-13T00:00:00Z","","Biscuits/Cookies","PEPPERIDGE FARM","MADE FROM: ENRICHED WHEAT FLOUR (FLOUR, NIACIN, REDUCED IRON, THIAMINE MONONITRATE, RIBOFLAVIN, FOLIC ACID), SUGAR, PALM OIL, EGGS, CONTAINS 2% OR LESS OF: SALT, NONFAT MILK, CORNSTARCH, BAKING SODA, CREAM OF TARTAR, NATURAL FLAVOR, SOY LECITHIN.  CONTAINS: WHEAT, MILK, EGGS, SOY.","30","g","United States","500","6.67","70","36.67","23.33","10","","","0","33","0","217","33","2","","","67","","","","","","","","","","","","","","","","","","","","","","","","","",""
"00051000198792","1105946","SWANSON BROTH VEGETABLE","GDSN","2020-09-05T00:00:00Z","2020-11-13T00:00:00Z","","2020-11-13T00:00:00Z","","Herbs/Spices/Extracts","CAMPBELL SOUP COMPANY","INGREDIENTS: VEGETABLE BROTH (WATER AND THE CONCENTRATED JUICES OF CARROT, CELERY, CELERIAC, ONION, CABBAGE), CONTAINS LESS THAN 2% OF: MIREPOIX (CARROTS, ONIONS, CELERY), SALT, CANE SUGAR, CARROT JUICE, YEAST EXTRACT, TOMATO PASTE, NATURAL FLAVORING, POTATO FLOUR, DEHYDRATED CARROTS.","240","ml","United States","4","0","0.83","0.83","0","0","","","0","0","0","333","4","0.08","","","8","","","","","","","","","","","","","","","","","","","","","","","","","",""
"00051000078742","1105947","PEPPERIDGE FARM PASTRY SHEETS","GDSN","2020-09-12T00:00:00Z","2020-11-13T00:00:00Z","","2020-11-13T00:00:00Z","","Savoury Bakery Products","CAMPBELL SOUP COMPANY","MADE FROM: ENRICHED WHEAT FLOUR (FLOUR, NIACIN, REDUCED IRON, THIAMINE MONONITRATE, RIBOFLAVIN, FOLIC ACID), WATER, VEGETABLE OILS (PALM, SOYBEAN, HYDROGENATED COTTONSEED), CONTAINS 2% OR LESS OF: HIGH FRUCTOSE CORN SYRUP, SALT, MONO AND DIGLYCERIDES, SOY LECITHIN, MALTED BARLEY FLOUR, TURMERIC AND ANNATTO EXTRACTS FOR COLOR.CONTAINS: WHEAT, SOY.","41","g","United States","366","4.88","31.71","2.44","24.39","12.2","","","0","0","2.4","341","0","1.71","","","24","","","","","","","","","","","","","","","","","","","","","","","","","",""
"00657522750120","1105948","PEPPERIDGE FARM BREAD WHITE BATARD","GDSN","2020-09-12T00:00:00Z","2020-11-13T00:00:00Z","","2020-11-13T00:00:00Z","","Bread","PEPPERIDGE FARM","MADE FROM: ENRICHED WHEAT FLOUR (FLOUR, NIACIN, REDUCED IRON, THIAMINE MONONITRATE, RIBOFLAVIN, FOLIC ACID), WATER, CONTAINS 2% OR LESS OF: SALT, CANOLA AND EXTRA VIRGIN OLIVE OILS, YEAST, MALTED BARLEY FLOUR, RICE FLOUR, SESAME SEED MEAL.CONTAINS: WHEAT, SESAME SEED MEAL.","57","g","United States","246","8.77","49.12","0","1.75","0","0","0","0","0","1.8","544","18","2.98","","","70","","0","0.281","","","","","","","","105","","","","","","","","","","","","","","",""
"00657522750014","1105949","PEPPERIDGE FARM BREAD EUROPEAN BAGUETTE","GDSN","2020-09-12T00:00:00Z","2020-11-13T00:00:00Z","","2020-11-13T00:00:00Z","","Bread","PEPPERIDGE FARM","MADE FROM: ENRICHED WHEAT FLOUR (FLOUR, NIACIN, REDUCED IRON, THIAMINE MONONITRATE, RIBOFLAVIN, FOLIC ACID), WATER, CONTAINS 2% OR LESS OF: SALT, MALT SYRUP, YEAST, MALTED BARLEY FLOUR, RICE FLOUR, SESAME SEED MEAL.CONTAINS: WHEAT, SESAME SEED MEAL.","57","g","United States","246","8.77","52.63","3.51","0.88","0","0","0","0","0","0","596","18","3.16","","","88","","0","0.404","","","","","","","","123","","","","","","","","","","","","","","",""
"00039400010593","1105950","BUSH'S Organic Pinto Beans 110 oz","GDSN","2020-09-21T00:00:00Z","2020-11-13T00:00:00Z","","2020-11-13T00:00:00Z","","Vegetables  Prepared/Processed","Bush Brothers And Company","Prepared Organic Pinto Beans, Water, Sea Salt, Calcium Chloride.","130","g","United States","95","5.88","17.17","0.58","0.34","0.06","","","0","0","4.3","75","33","1.39","","","382","","","","","","","","","","","","","","","","","","","","","","","","","",""
"00014100075233","1105951","PEPPERIDGE FARM CRACKERS","GDSN","2020-10-03T00:00:00Z","2020-11-13T00:00:00Z","","2020-11-13T00:00:00Z","","Biscuits/Cookies","PEPPERIDGE FARM","MADE WITH SMILES AND ENRICHED WHEAT FLOUR (FLOUR, NIACIN, REDUCED IRON, THIAMINE MONONITRATE, RIBOFLAVIN, FOLIC ACID), CHEDDAR CHEESE ([CULTURED MILK, SALT, ENZYMES], ANNATTO), VEGETABLE OILS (CANOLA, SUNFLOWER AND/OR SOYBEAN), SALT, CONTAINS 2% OR LESS OF: YEAST, SUGAR, AUTOLYZED YEAST EXTRACT, PAPRIKA, SPICES, CELERY, ONION POWDER, MONOCALCIUM PHOSPHATE, BAKING SODA.  CONTAINS: WHEAT, MILK.","28","g","United States","464","10.71","67.86","0","16.07","3.57","8.93","3.57","0","36","3.6","857","125","3.93","","","179","","0","0.714","","","","","","","","143","","","","","","","","","","","","","","",""
"00014100043706","1105952","PEPPERIDGE FARM COOKIES MILANO","GDSN","2020-09-01T00:00:00Z","2020-11-13T00:00:00Z","","2020-11-13T00:00:00Z","","Biscuits/Cookies","PEPPERIDGE FARM","MADE FROM: ENRICHED WHEAT FLOUR (FLOUR, NIACIN, REDUCED IRON, THIAMINE MONONITRATE, RIBOFLAVIN, FOLIC ACID), SEMI SWEET CHOCOLATE (SUGAR, CHOCOLATE, CHOCOLATE PROCESSED WITH ALKALI, COCOA BUTTER, MILKFAT, SOY LECITHIN, VANILLA EXTRACT), SUGAR, PALM AND/OR SOYBEAN AND HYDROGENATED SOYBEAN OIL, EGGS, CONTAINS 2% OR LESS OF: CORNSTARCH, SALT, BAKING SODA, SOY LECITHIN, NATURAL FLAVOR, NONFAT MILK.CONTAINS: EGG, WHEAT, MILK, SOY.","21","g","United States","524","4.76","66.67","33.33","28.57","11.9","","","0","24","4.8","190","48","4.76","","","190","","","","","","","","","","","","","","","","","","","","","","","","","",""
"00039400010715","1105953","BUSH'S BEST Easy Entrees Texas Ranchero 108 oz","GDSN","2020-09-25T00:00:00Z","2020-11-13T00:00:00Z","","2020-11-13T00:00:00Z","","Vegetables  Prepared/Processed","Bush Brothers And Company","Prepared Pinto Beans, Water, Tomato Puree (Tomato Paste, Water). Contains 1% or Less of: Mexican Oregano, Tomato Powder, Spice, Onion Powder, Garlic Powder, Natural Flavor, Modified Corn Starch, JalapeÃ±o Powder, Salt, Extractive of Paprika.","130","g","United States","83","4.78","15.08","0.71","0.42","0.06","","","0","0","3.6","377","33","1.5","","","316","","","","","","","","","","","","","","","","","","","","","","","","","",""
"00041800344000","1105954","10 FL OZ 100% JUICE - ORANGE","GDSN","2020-10-01T00:00:00Z","2020-11-13T00:00:00Z","","2020-11-13T00:00:00Z","","Non Alcoholic Beverages  Ready to Drink","WELCH FOODS INC.","ORANGE JUICE FROM CONCENTRATE (FILTERED WATER, ORANGE JUICE CONCENTRATE), ASCORBIC ACID (VITAMIN C)","295","ml","United States","51","0.34","12.2","9.49","0","0","","","","0","0.3","8","14","0","","20.3","136","","","","","","","","","","","","","","","","","","","","","","","","","",""
"00041800301973","1105955","16 FL OZ JUICE DRINK - FRUIT PUNCH","GDSN","2020-10-01T00:00:00Z","2020-11-13T00:00:00Z","","2020-11-13T00:00:00Z","","Non Alcoholic Beverages  Ready to Drink","WELCH FOODS INC.","FILTERED WATER, HIGH FRUCTOSE CORN SYRUP, APPLE JUICE FROM CONCENTRATE (FILTERED WATER, APPLE JUICE CONCENTRATE), PINEAPPLE JUICE FROM CONCENTRATE (FILTERED WATER, PINEAPPLE JUICE CONCENTRATE), CHERRY JUICE FROM CONCENTRATE (FILTERED WATER, CHERRY JUICE CONCENTRATE), CITRIC ACID (FOR TARTNESS), NATURAL  and  ARTIFICIAL FLAVOR, PECTIN, ASCORBIC ACID (VITAMIN C), SODIUM CITRATE, GUM ARABIC, ESTER GUM, RED 40, SUCRALOSE","473","ml","United States","42","0","10.36","9.73","0","0","","","","0","0","10","0","0","","12.7","0","","","","","","","","","","","","","","","","","","","","","","","","","",""
"00041800456307","1105956","11.5 FL OZ JUICE DRINK - APPLE CRANBERRY","GDSN","2020-10-01T00:00:00Z","2020-11-13T00:00:00Z","","2020-11-13T00:00:00Z","","Non Alcoholic Beverages  Ready to Drink","WELCH FOODS INC.","FILTERED WATER, HIGH FRUCTOSE CORN SYRUP, CRANBERRY JUICE FROM CONCENTRATE (FILTERED WATER, CRANBERRY JUICE CONCENTRATE), APPLE JUICE FROM CONCENTRATE (FILTERED WATER, APPLE JUICE CONCENTRATE), CITRIC ACID (FOR TARTNESS), GRAPE JUICE CONCENTRATE (FOR COLOR), ASCORBIC ACID (VITAMIN C), NATURAL FLAVOR","340","ml","United States","62","0","15","14.12","0","0","","","","0","0","3","0","0","","5.3","0","","","","","","","","","","","","","","","","","","","","","","","","","",""
"00041800281008","1105957","5.5 FL OZ 100% JUICE - ORANGE","GDSN","2020-10-01T00:00:00Z","2020-11-13T00:00:00Z","","2020-11-13T00:00:00Z","","Non Alcoholic Beverages  Ready to Drink","WELCH FOODS INC.","ORANGE JUICE FROM CONCENTRATE (FILTERED WATER, ORANGE JUICE CONCENTRATE), ASCORBIC ACID (VITAMIN C)","162","ml","United States","49","0","12.35","9.26","0","0","","","","0","0","9","0","0","","37","136","","","","","","","","","","","","","","","","","","","","","","","","","",""
"00041800288007","1105958","5.5 FL OZ JUICE COCKTAIL - CRANBERRY","GDSN","2020-10-01T00:00:00Z","2020-11-13T00:00:00Z","","2020-11-13T00:00:00Z","","Non Alcoholic Beverages  Ready to Drink","WELCH FOODS INC.","FILTERED WATER, HIGH FRUCTOSE CORN SYRUP, CRANBERRY JUICE FROM CONCENTRATE (FILTERED WATER, CRANBERRY JUICE CONCENTRATE), GRAPE JUICE FROM CONCENTRATE (FILTERED WATER, GRAPE JUICE CONCENTRATE), NATURAL FLAVOR, CITRIC ACID (FOR TARTNESS), ASCORBIC ACID (VITAMIN C)","162","ml","United States","62","0","14.81","13.58","0","0","","","","0","0","3","0","0","","9.3","0","","","","","","","","","","","","","","","","","","","","","","","","","",""
"00041800309009","1105959","11.5 FL OZ JUICE DRINK - FRUIT PUNCH","GDSN","2020-10-01T00:00:00Z","2020-11-13T00:00:00Z","","2020-11-13T00:00:00Z","","Non Alcoholic Beverages  Ready to Drink","WELCH FOODS INC.","FILTERED WATER, HIGH FRUCTOSE CORN SYRUP, APPLE JUICE FROM CONCENTRATE (FILTERED WATER, APPLE JUICE CONCENTRATE), PINEAPPLE JUICE FROM CONCENTRATE (FILTERED WATER, PINEAPPLE JUICE CONCENTRATE), CHERRY JUICE FROM CONCENTRATE (FILTERED WATER, CHERRY JUICE CONCENTRATE), CITRIC ACID (FOR TARTNESS), NATURAL  and  ARTIFICIAL FLAVOR, PECTIN, ASCORBIC ACID (VITAMIN C), SODIUM CITRATE, GUM ARABIC, ESTER GUM, RED 40, SUCRALOSE","340","ml","United States","41","0","10.29","9.71","0","0","","","","0","0","10","0","0","","17.6","0","","","","","","","","","","","","","","","","","","","","","","","","","",""
"00041800394005","1105960","10 FL OZ JUICE COCKTAIL - CRANBERRY","GDSN","2020-10-01T00:00:00Z","2020-11-13T00:00:00Z","","2020-11-13T00:00:00Z","","Non Alcoholic Beverages  Ready to Drink","WELCH FOODS INC.","FILTERED WATER, HIGH FRUCTOSE CORN SYRUP, CRANBERRY JUICE FROM CONCENTRATE (FILTERED WATER, CRANBERRY JUICE CONCENTRATE), GRAPE JUICE FROM CONCENTRATE (FILTERED WATER, GRAPE JUICE CONCENTRATE), NATURAL FLAVOR, CITRIC ACID (FOR TARTNESS), ASCORBIC ACID (VITAMIN C)","295","ml","United States","58","0","14.92","13.56","0","0","","","","0","0","3","0","0","","20.3","0","","","","","","","","","","","","","","","","","","","","","","","","","",""
"00041800317004","1105961","10 FL OZ JUICE DRINK - ORANGE PINEAPPLE","GDSN","2020-10-01T00:00:00Z","2020-11-13T00:00:00Z","","2020-11-13T00:00:00Z","","Non Alcoholic Beverages  Ready to Drink","WELCH FOODS INC.","FILTERED WATER, HIGH FRUCTOSE CORN SYRUP, ORANGE JUICE FROM CONCENTRATE (FILTERED WATER, ORANGE JUICE CONCENTRATE), PINEAPPLE JUICE FROM CONCENTRATE (FILTERED WATER, PINEAPPLE JUICE CONCENTRATE), CITRIC ACID (FOR TARTNESS), NATURAL FLAVOR, SODIUM CITRATE, ASCORBIC ACID (VITAMIN C), PECTIN, GUM ARABIC, ESTER GUM, SUCRALOSE, BETA CAROTENE (FOR COLOR), YELLOW 5","295","ml","United States","47","0","11.19","10.51","0","0","","","","0","0","22","0","0","","20.3","0","","","","","","","","","","","","","","","","","","","","","","","","","",""
"00041800323005","1105962","10 FL OZ JUICE DRINK - STRAWBERRY KIWI","GDSN","2020-10-01T00:00:00Z","2020-11-13T00:00:00Z","","2020-11-13T00:00:00Z","","Non Alcoholic Beverages  Ready to Drink","WELCH FOODS INC.","FILTERED WATER, HIGH FRUCTOSE CORN SYRUP, APPLE JUICE FROM CONCENTRATE (FILTERED WATER, APPLE JUICE CONCENTRATE), KIWI JUICE FROM CONCENTRATE (FILTERED WATER, KIWI JUICE CONCENTRATE), STRAWBERRY JUICE FROM CONCENTRATE (FILTERED WATER, STRAWBERRY JUICE CONCENTRATE), CITRIC ACID (FOR TARTNESS), NATURAL  and  ARTIFICIAL FLAVOR, PECTIN, ASCORBIC ACID (VITAMIN C), SODIUM CITRATE, GUM ARABIC, ESTER GUM, SUCRALOSE, RED 40","295","ml","United States","41","0","9.83","9.15","0","0","","","","0","0","10","0","0","","3.1","0","","","","","","","","","","","","","","","","","","","","","","","","","",""
"00041800319008","1105963","10 FL OZ JUICE COCKTAIL - GRAPE","GDSN","2020-10-01T00:00:00Z","2020-11-13T00:00:00Z","","2020-11-13T00:00:00Z","","Non Alcoholic Beverages  Ready to Drink","WELCH FOODS INC.","FILTERED WATER, CONCORD GRAPE JUICE, HIGH FRUCTOSE CORN SYRUP, GRAPE JUICE CONCENTRATE (FOR COLOR), CITRIC ACID (FOR TARTNESS), ASCORBIC ACID (VITAMIN C), PECTIN, NATURAL FLAVOR, SUCRALOSE","295","ml","United States","41","0","10.17","9.49","0","0","","","","0","0","3","0","0","","20.3","32","","","","","","","","","","","","","","","","","","","","","","","","","",""
"00041800283002","1105964","5.5 FL OZ 100% JUICE - APPLE","GDSN","2020-10-01T00:00:00Z","2020-11-13T00:00:00Z","","2020-11-13T00:00:00Z","","Non Alcoholic Beverages  Ready to Drink","WELCH FOODS INC.","APPLE JUICE FROM CONCENTRATE (FILTERED WATER, APPLE JUICE CONCENTRATE), ASCORBIC ACID (VITAMIN C), MALIC ACID (FOR TARTNESS)","162","ml","United States","43","0","11.11","11.11","0","0","","","","0","0","6","0","0.25","","37","123","","","","","","","","","","","","","","","","","","","","","","","","","",""
"00041800379002","1105965","11.5 FL OZ 100% JUICE - ORANGE","GDSN","2020-10-01T00:00:00Z","2020-11-13T00:00:00Z","","2020-11-13T00:00:00Z","","Non Alcoholic Beverages  Ready to Drink","WELCH FOODS INC.","ORANGE JUICE FROM CONCENTRATE (FILTERED WATER, ORANGE JUICE CONCENTRATE), ASCORBIC ACID (VITAMIN C)","340","ml","United States","50","0.29","12.06","9.41","0","0","","","","0","0.3","9","12","0","","17.6","135","","","","","","","","","","","","","","","","","","","","","","","","","",""
"00041800316007","1105966","10 FL OZ 100% JUICE - APPLE","GDSN","2020-10-01T00:00:00Z","2020-11-13T00:00:00Z","","2020-11-13T00:00:00Z","","Non Alcoholic Beverages  Ready to Drink","WELCH FOODS INC.","APPLE JUICE FROM CONCENTRATE (FILTERED WATER, APPLE JUICE CONCENTRATE), ASCORBIC ACID (VITAMIN C), MALIC ACID (FOR TARTNESS)","295","ml","United States","44","0","11.19","11.19","0","0","","","","0","0","5","10","0.27","","20.3","125","","","","","","","","","","","","","","","","","","","","","","","","","",""
"00041800490004","1105967","10 FL OZ JUICE DRINK - FRUIT PUNCH","GDSN","2020-10-01T00:00:00Z","2020-11-13T00:00:00Z","","2020-11-13T00:00:00Z","","Non Alcoholic Beverages  Ready to Drink","WELCH FOODS INC.","FILTERED WATER, HIGH FRUCTOSE CORN SYRUP, APPLE JUICE FROM CONCENTRATE (FILTERED WATER, APPLE JUICE CONCENTRATE), PINEAPPLE JUICE FROM CONCENTRATE (FILTERED WATER, PINEAPPLE JUICE CONCENTRATE), CHERRY JUICE FROM CONCENTRATE (FILTERED WATER, CHERRY JUICE CONCENTRATE), CITRIC ACID (FOR TARTNESS), NATURAL  and  ARTIFICIAL FLAVOR, PECTIN, ASCORBIC ACID (VITAMIN C), SODIUM CITRATE, GUM ARABIC, ESTER GUM, RED 40, SUCRALOSE","295","ml","United States","41","0","10.51","9.83","0","0","","","","0","0","10","0","0","","20.3","0","","","","","","","","","","","","","","","","","","","","","","","","","",""
"00041800382002","1105968","11.5 FL OZ 100% JUICE - APPLE","GDSN","2020-10-01T00:00:00Z","2020-11-13T00:00:00Z","","2020-11-13T00:00:00Z","","Non Alcoholic Beverages  Ready to Drink","WELCH FOODS INC.","APPLE JUICE FROM CONCENTRATE (FILTERED WATER, APPLE JUICE CONCENTRATE), ASCORBIC ACID (VITAMIN C), MALIC ACID (FOR TARTNESS)","340","ml","United States","44","0","11.18","11.18","0","0","","","","0","0","4","12","0.26","","17.6","126","","","","","","","","","","","","","","","","","","","","","","","","","",""
"90736490007153","1105969","Pork Loin Boneless","GDSN","2020-09-15T00:00:00Z","2020-11-13T00:00:00Z","","2020-11-13T00:00:00Z","","Meat/Poultry/Other Animals  Unprepared/Unprocessed","Seaboard Foods LLC","BASTED WITH UP TO 16% ADDED SOLUTION OF  WATER, POTASSIUM CHLORIDE, VINEGAR, NATURAL FLAVOR.","112","g","United States","54","18.75","","","6.25","2.23","","","","58","","232","","0.32","","","","","","","","","","","","","","","","","","","","","","","","","","","","",""
"90736490242660","1105970","PFN Pork Boneless Shoulder Butt 1/8"""" 2x4 VP MBG#406A","GDSN","2020-09-15T00:00:00Z","2020-11-13T00:00:00Z","","2020-11-13T00:00:00Z","","Meat/Poultry/Other Animals  Unprepared/Unprocessed","Seaboard Foods LLC","Pork","112","g","United States","152","18.75","0","","16.96","5.36","","","0","58","0","62","0","0.96","0","0","","","","","","","","","","","","","","","","","","","","","","","","","","",""
"90736490007061","1105971","Pork Loin Boneless Strap Off","GDSN","2020-09-15T00:00:00Z","2020-11-13T00:00:00Z","","2020-11-13T00:00:00Z","","Meat/Poultry/Other Animals  Unprepared/Unprocessed","Seaboard Foods LLC","BASTED WITH UP TO 16% ADDED SOLUTION OF  WATER, MALTODEXTRIN, SALT, POTASSIUM CHLORIDE, SODIUM ACETATE, SODIUM DIACETATE, SODIUM CARBONATE, NATURAL FLAVOR.","112","g","United States","54","18.75","0","0","6.25","2.23","","","0","58","0","232","0","0.32","0","0","","","","","","","","","","","","","","","","","","","","","","","","","","",""
"90736490977524","1105972","Pork Loin Strap Off","GDSN","2020-09-15T00:00:00Z","2020-11-13T00:00:00Z","","2020-11-13T00:00:00Z","","Meat/Poultry/Other Animals  Unprepared/Unprocessed","Seaboard Foods LLC","Basted NTE 16% Added Solution* of Water, Potassium Chloride, Vinegar, Natural Flavor","112","g","United States","71","19.64","0","0","8.04","3.12","","","0","45","0","45","0","0.32","0","0","","","","","","","","","","","","","","","","","","","","","","","","","","",""
"00736490841013","1105973","Pork Tenderloin with Teriyaki Seasoning","GDSN","2020-09-15T00:00:00Z","2020-11-13T00:00:00Z","","2020-11-13T00:00:00Z","","Meat/Poultry/Other Animals  Unprepared/Unprocessed","Seaboard Foods LLC","Basted NTE 16% Added Solution* of Water, Potassium Chloride, Vinegar, Natural Flavor. **Seasonings Ingredients: Honey Granules (Cane Sugar and Honey), Sriracha Chili Sauce [(Chili Peppers, Vinegar, Dehydrated Garlic, Sugar, Salt, Natural Flavors, Xanthan Gum) and Maltodextrin], Sugar, Salt, Dehydrated Garlic, Red Pepper, Corn Starch, Yeast Extract and Sucralose.","112","g","United States","18","17.86","0","1.79","2.23","0.89","","","0","54","0","482","0","0","0","1.1","0","","","","","","","","","","","","","","","","","","","","","","","","","",""
"90736490005203","1105974","Pork Picnic Brisket Boneless","GDSN","2020-09-15T00:00:00Z","2020-11-13T00:00:00Z","","2020-11-13T00:00:00Z","","Meat/Poultry/Other Animals  Unprepared/Unprocessed","Seaboard Foods LLC","Solution ingredients: Water, Potassium Chloride, Vinegar, Natural Flavor.","112","g","United States","98","18.75","0.89","","2.68","0.89","","","","31","0","232","0","0.64","179","0","0","","","","","","","","","","","","","","","","","","","","","","","","","",""
"10886476999317","1105975","Pork Loin Bone In Chops Frenched","GDSN","2020-09-15T00:00:00Z","2020-11-13T00:00:00Z","","2020-11-13T00:00:00Z","","Meat/Poultry/Other Animals  Unprepared/Unprocessed","Seaboard Foods LLC","Solution Ingredients: Water, Potassium Chloride, Vinegar, Natural Flavor.","112","g","United States","80","18.75","0","0","8.93","3.12","","","0","49","0","304","18","0.64","0","0","","","","","","","","","","","","","","","","","","","","","","","","","","",""
"90736490004701","1105976","Pork Loin Filet with Applewood Smoked Bacon","GDSN","2020-09-15T00:00:00Z","2020-11-13T00:00:00Z","","2020-11-13T00:00:00Z","","Meat/Poultry/Other Animals  Unprepared/Unprocessed","Seaboard Foods LLC","Basted NTE 16% Added Solution* of Water, Potassium Chloride, Vinegar, Natural Flavor. **Seasoning Ingredients: Applewood Smoked Bacon (Cured with Water, Salt, Sugar, Smoke Flavoring, Sodium Phosphates, Sodium Nitrite. May Also Contain Sodium Ascorbate, Sodium Erythorbate, Flavoring, Potassium Chloride, Dextrose), Seasonings (Sugar, Natural Bacon Flavor (Maltodextrin, Autolyzed Yeast Extract, Natural Flavor (Contains Natural Smoke Flavor), Sugar, Salt), Ground Chilies, Salt, Spices, Granulated Garlic, Granulated Onion).","112","g","United States","71","19.64","2.68","1.79","8.04","2.68","","","0","58","0","589","18","0.64","179","0","0","","","","","","","","","","","","","","","","","","","","","","","","","",""
"90736490005517","1105977","Pork Loin Backrib & Seasoning Cook In Bag","GDSN","2020-09-15T00:00:00Z","2020-11-13T00:00:00Z","","2020-11-13T00:00:00Z","","Meat/Poultry/Other Animals  Unprepared/Unprocessed","Seaboard Foods LLC","Basted NTE 16% Added Solution* of Water, Potassium Chloride, Vinegar, Natural Flavor. **Seasoning Ingredients: chili pepper, sugar, salt, brown sugar, molasses powder (molasses and maltodextrin), tomato powder, dehydrated garlic, dehydrated onion, natural hickory smoke flavor, Worcestershire sauce [(vinegar, molasses, corn syrup, salt, caramel color, garlic powder, sucrose, spices, tamarind, natural flavor and sulfating agents) and maltodextrin], black pepper, vinegar powder (maltodextrin, vinegar and food starch-modified), red pepper.","112","g","United States","143","14.29","2.68","1.79","15.18","6.25","","","0","58","0","393","18","0","179","1.1","0","","","","","","","","","","","","","","","","","","","","","","","","","",""
"10886476006916","1105978","Pork Loin Chop Boneless","GDSN","2020-10-02T00:00:00Z","2020-11-13T00:00:00Z","","2020-11-13T00:00:00Z","","Meat/Poultry/Other Animals  Unprepared/Unprocessed","Seaboard Foods LLC","Basted with up to 16% Solution Of Water, Potassium Chloride, Vinegar, Natural Flavor.","112","g","United States","54","18.75","0","0","6.25","2.23","","","0","58","0","232","0","0.32","0","0","","","","","","","","","","","","","","","","","","","","","","","","","","",""
"90736490007801","1105979","Pork Ham Boneless","GDSN","2020-09-15T00:00:00Z","2020-11-13T00:00:00Z","","2020-11-13T00:00:00Z","","Meat/Poultry/Other Animals  Unprepared/Unprocessed","Seaboard Foods LLC","Solution Ingredients: Water, Potassium Chloride, Vinegar, Natural Flavor.","112","g","United States","54","17.86","0","","8.04","2.68","","","0","58","0","482","0","0.96","0","0","0","","","","","","","","","","","","","","","","","","","","","","","","","",""
"90736490006484","1105980","Pork Ham Steamship","GDSN","2020-09-15T00:00:00Z","2020-11-13T00:00:00Z","","2020-11-13T00:00:00Z","","Meat/Poultry/Other Animals  Unprepared/Unprocessed","Seaboard Foods LLC","Solution Ingredients: Water, Potassium Chloride, Vinegar, Natural Flavor.","112","g","United States","143","15.18","0.89","0","15.18","5.36","","","0","62","0","62","0","0.64","0","0","","","","","","","","","","","","","","","","","","","","","","","","","","",""
"90736490006354","1105981","Pork Loin Boneless","GDSN","2020-09-15T00:00:00Z","2020-11-13T00:00:00Z","","2020-11-13T00:00:00Z","","Meat/Poultry/Other Animals  Unprepared/Unprocessed","Seaboard Foods LLC","BASTED WITH UP TO 16% ADDED SOLUTION OF  WATER, POTASSIUM CHLORIDE, VINEGAR, NATURAL FLAVOR.","112","g","United States","54","18.75","0","0","6.25","2.23","","","0","58","0","232","0","0.32","0","0","","","","","","","","","","","","","","","","","","","","","","","","","","",""
"10886476993629","1105982","Pork Loin Bone In Chine Removed Chop with Smokey Apple Seasonings","GDSN","2020-09-15T00:00:00Z","2020-11-13T00:00:00Z","","2020-11-13T00:00:00Z","","Meat/Poultry/Other Animals  Unprepared/Unprocessed","Seaboard Foods LLC","Basted With Up to 16% Added Solution Of Water, Potassium Chloride, Vinegar, Natural Flavor, Seasoning (Sugar, Salt, Food Starch-Modified, Natural and Artificial flavor, Cinnamon, and Smoked Flavor)","112","g","United States","71","16.96","1.79","","8.04","2.68","","","8.04","58","","812","","0.64","","","","","","","","","","","","","","","","","","","","","","","","","","","","",""
"00736490842072","1105983","Pork Tenderloin with Peri Peri Seasonings Cook in Bag","GDSN","2020-09-15T00:00:00Z","2020-11-13T00:00:00Z","","2020-11-13T00:00:00Z","","Meat/Poultry/Other Animals  Unprepared/Unprocessed","Seaboard Foods LLC","Basted NTE 16% Added Solution* of Water, Potassium Chloride, Vinegar, Natural Flavor. **Seasonings Ingredients: Spices Including Chili Pepper, Salt, Dehydrated Garlic, Lemon Juice Powder (Corn Syrup Solids, Lemon Juice and Lemon Oil), Lemon Peel, Garlic Powder, Natural Hickory Smoke Flavor (Maltodextrin, Natural Hickory Smoke Flavor).","112","g","United States","22","17.86","3.57","","2.23","0.89","","","","54","0","491","0","0.64","0","3.2","","","","","","","","","","","","","","","","","","","","","","","","","","",""
"90736490007450","1105984","Pork Loin Center Rib Roast","GDSN","2020-09-15T00:00:00Z","2020-11-13T00:00:00Z","","2020-11-13T00:00:00Z","","Meat/Poultry/Other Animals  Unprepared/Unprocessed","Seaboard Foods LLC","Basted with up to 16% Solution Of Water, Potassium Chloride, Vinegar, Natural Flavor.","112","g","United States","71","17.86","0","","8.04","2.68","","","0","58","0","241","0","0.64","0","0","0","","","","","","","","","","","","","","","","","","","","","","","","","",""
"90736490008150","1105985","Pork Loin Backrib & Seasoning Cook In Bag","GDSN","2020-09-15T00:00:00Z","2020-11-13T00:00:00Z","","2020-11-13T00:00:00Z","","Meat/Poultry/Other Animals  Unprepared/Unprocessed","Seaboard Foods LLC","Basted NTE 16% Added Solution* of Water, Potassium Chloride, Vinegar, Natural Flavor. ** Seasoning Ingredients: Sugar and honey blend powder (cane sugar, honey), maltodextrin, tomato powder, salt, dehydrated garlic, dehydrated onion, caramel color, vinegar powder (maltodextrin, vinegar and food starch-modified), black pepper, chili pepper, red pepper, coriander, sucralose, natural hickory smoke flavor.","112","g","United States","205","14.29","0","1.79","15.18","6.25","","","","58","0","295","18","0","89","1.1","","","","","","","","","","","","","","","","","","","","","","","","","","",""
"90736490006316","1105986","Pork Loin Tenderloin","GDSN","2020-09-15T00:00:00Z","2020-11-13T00:00:00Z","","2020-11-13T00:00:00Z","","Meat/Poultry/Other Animals  Unprepared/Unprocessed","Seaboard Foods LLC","BASTED WITH UP TO 16% ADDED SOLUTION OF  WATER, POTASSIUM CHLORIDE, VINEGAR, NATURAL FLAVOR.","112","g","United States","18","18.75","0","0","2.23","0.89","","","0","54","0","121","0","0.96","0","0","","","","","","","","0","","","","","","","","","","","","","","","","","","",""
"10886476006992","1105987","Pork Loin Chop Bone In","GDSN","2020-09-15T00:00:00Z","2020-11-13T00:00:00Z","","2020-11-13T00:00:00Z","","Meat/Poultry/Other Animals  Unprepared/Unprocessed","Seaboard Foods LLC","Basted with up to 16% Solution Of Water, Potassium Chloride, Vinegar, Natural Flavor.","112","g","United States","54","18.75","0","0","6.25","2.23","","","0","58","0","232","0","0.32","0","0","","","","","","","","","","","","","","","","","","","","","","","","","","",""
"90736490007054","1105988","Pork Loin Boneless Strap Off","GDSN","2020-09-15T00:00:00Z","2020-11-13T00:00:00Z","","2020-11-13T00:00:00Z","","Meat/Poultry/Other Animals  Unprepared/Unprocessed","Seaboard Foods LLC","BASTED WITH UP TO 16% ADDED SOLUTION OF  WATER, POTASSIUM CHLORIDE, VINEGAR, NATURAL FLAVOR.","112","g","United States","54","18.75","0","","6.25","2.23","","","0","58","0","232","0","0.32","0","0","","","","","","","","","","","","","","","","","","","","","","","","","","",""
"00736490842058","1105989","Pork Tenderloin with Teriyaki Seasonings Cook in Bag","GDSN","2020-09-15T00:00:00Z","2020-11-13T00:00:00Z","","2020-11-13T00:00:00Z","","Meat/Poultry/Other Animals  Unprepared/Unprocessed","Seaboard Foods LLC","Basted NTE 16% Added Solution* of Water, Potassium Chloride, Vinegar, Natural Flavor. **Seasonings Ingredients: Soy sauce powder [soy sauce (wheat, soybeans, salt), maltodextrin and salt], brown sugar, salt, yeast extract, dehydrated garlic, natural flavors, tomato powder, citric and malic acid, red pepper, sodium diacetate and sucralose. Contains: Wheat and Soy products.","112","g","United States","18","17.86","3.57","1.79","2.23","0.89","","","","54","0","482","0","0","","1.1","","","","","","","","","","","","","","","","","","","","","","","","","","",""
"90736490009034","1105990","Pork Loin Bone In Center Cut","GDSN","2020-09-15T00:00:00Z","2020-11-13T00:00:00Z","","2020-11-13T00:00:00Z","","Meat/Poultry/Other Animals  Unprepared/Unprocessed","Seaboard Foods LLC","Solution Ingredients: Water, Potassium Chloride, Vinegar, Natural Flavor.","112","g","United States","80","17.86","0","","8.93","3.12","","","","49","","304","18","0.64","","","","","","","","","","","","","","","","","","","","","","","","","","","","",""
"90736490371377","1105991","Pork Loin Bone In Center Cut","GDSN","2020-09-15T00:00:00Z","2020-11-13T00:00:00Z","","2020-11-13T00:00:00Z","","Meat/Poultry/Other Animals  Unprepared/Unprocessed","Seaboard Foods LLC","Pork","112","g","United States","71","18.75","0","0","8.04","2.68","","","0","62","0","286","0","0.64","0","0","","","","","","","","","","","","","","","","","","","","","","","","","","",""
"90736490008754","1105992","Pork Loin Backrib & Seasoning Cook In Bag","GDSN","2020-09-15T00:00:00Z","2020-11-13T00:00:00Z","","2020-11-13T00:00:00Z","","Meat/Poultry/Other Animals  Unprepared/Unprocessed","Seaboard Foods LLC","Basted NTE 16% Added Solution* of Water, Potassium Chloride, Vinegar, Natural Flavor. ** Seasoning Ingredients: Sugar and honey blend powder (cane sugar, honey), maltodextrin, tomato powder, salt, dehydrated garlic, dehydrated onion, caramel color, vinegar powder (maltodextrin, vinegar and food starch-modified), black pepper, chili pepper, red pepper, coriander, sucralose, natural hickory smoke flavor.","112","g","United States","143","14.29","0","1.79","15.18","6.25","","","0","58","0","295","18","0","89","1.1","0","","","","","","","","","","","","","","","","","","","","","","","","","",""
"90736490008136","1105993","Pork Loin Backrib & Seasoning Cook In Bag","GDSN","2020-09-15T00:00:00Z","2020-11-13T00:00:00Z","","2020-11-13T00:00:00Z","","Meat/Poultry/Other Animals  Unprepared/Unprocessed","Seaboard Foods LLC","Basted NTE 16% Added Solution* of Water, Potassium Chloride, Vinegar, Natural Flavor. ** Seasoning Ingredients: Sugar and honey blend powder (cane sugar, honey), maltodextrin, tomato powder, salt, dehydrated garlic, dehydrated onion, caramel color, vinegar powder (maltodextrin, vinegar and food starch-modified), black pepper, chili pepper, red pepper, coriander, sucralose, natural hickory smoke flavor.","112","g","United States","143","14.29","2.68","1.79","15.18","6.25","","","","58","","295","18","","89","1.1","","","","","","","","","","","","","","","","","","","","","","","","","","",""
"90736490005166","1105994","Pork Loin Filet with Applewood Smoked Bacon","GDSN","2020-09-15T00:00:00Z","2020-11-13T00:00:00Z","","2020-11-13T00:00:00Z","","Meat/Poultry/Other Animals  Unprepared/Unprocessed","Seaboard Foods LLC","Basted NTE 16% Added Solution* of Water, Potassium Chloride, Vinegar, Natural Flavor. **Seasoning Ingredients: Applewood Smoked Bacon (Cured with Water, Salt, Sugar, Smoke Flavoring, Sodium Phosphates, Sodium Nitrite. May Also Contain Sodium Ascorbate, Sodium Erythorbate, Flavoring, Potassium Chloride, Dextrose), Seasonings (Sugar, Natural Bacon Flavor (Maltodextrin, Autolyzed Yeast Extract, Natural Flavor (Contains Natural Smoke Flavor), Sugar, Salt), Ground Chilies, Salt, Spices, Granulated Garlic, Granulated Onion).","112","g","United States","71","19.64","2.68","1.79","8.04","2.68","","","0","58","0","589","18","0.64","179","0","","","","","","","","","","","","","","","","","","","","","","","","","","",""
"90736490009089","1105995","Pork Loin Filet","GDSN","2020-09-15T00:00:00Z","2020-11-13T00:00:00Z","","2020-11-13T00:00:00Z","","Meat/Poultry/Other Animals  Unprepared/Unprocessed","Seaboard Foods LLC","Basted NTE 16% Added Solution* of Water, Potassium Chloride, Vinegar, Natural Flavor.","112","g","United States","54","18.75","0","0","6.25","2.23","","","0","58","0","232","0","0.32","0","0","","","","","","","","","","","","","","","","","","","","","","","","","","",""
"90736490007580","1105996","Boneless Half Loin (Netted)","GDSN","2020-09-15T00:00:00Z","2020-11-13T00:00:00Z","","2020-11-13T00:00:00Z","","Meat/Poultry/Other Animals  Unprepared/Unprocessed","Seaboard Foods LLC","Basted with up to 16% Solution Of Water, Potassium Chloride, Vinegar, Natural Flavor.","112","g","United States","54","20.54","0","0","5.36","1.79","","","0","22","0","250","0","0.64","0","0","","","","","","","","","","","","","","","","","","","","","","","","","","",""
"90736490006323","1105997","Pork Loin Tenderloin","GDSN","2020-09-15T00:00:00Z","2020-11-13T00:00:00Z","","2020-11-13T00:00:00Z","","Meat/Poultry/Other Animals  Unprepared/Unprocessed","Seaboard Foods LLC","BASTED WITH UP TO 16% ADDED SOLUTION OF  WATER, POTASSIUM CHLORIDE, VINEGAR, NATURAL FLAVOR.","112","g","United States","18","17.86","1.79","0","2.23","0.89","","","0","54","0","121","0","0","0","0","","","","","","","","","","","","","","","","","","","","","","","","","","",""
"90736490007184","1105998","Pork Loin Boneless","GDSN","2020-09-15T00:00:00Z","2020-11-13T00:00:00Z","","2020-11-13T00:00:00Z","","Meat/Poultry/Other Animals  Unprepared/Unprocessed","Seaboard Foods LLC","BASTED WITH UP TO 16% ADDED SOLUTION OF  WATER, MALTODEXTRIN, SALT, POTASSIUM CHLORIDE, SODIUM ACETATE, SODIUM DIACETATE, SODIUM CARBONATE, NATURAL FLAVOR.","112","g","United States","54","18.75","0","0","6.25","2.23","","","0","58","0","232","0","0.32","0","0","","","","","","","","","","","","","","","","","","","","","","","","","","",""
"10886476007012","1105999","Pork Loin Chop Porterhouse","GDSN","2020-09-15T00:00:00Z","2020-11-13T00:00:00Z","","2020-11-13T00:00:00Z","","Meat/Poultry/Other Animals  Unprepared/Unprocessed","Seaboard Foods LLC","Solution Ingredients: Water, Potassium Chloride, Vinegar, Natural Flavor.","112","g","United States","80","17.86","0","","8.93","3.12","","","0","49","0","304","18","","0","0","0","","","","","","","","","","","","","","","","","","","","","","","","","",""
"90736490371360","1106000","Pork Loin Bone In Center Cut All Natural 1/8"""" Trim MBG#412C","GDSN","2020-09-15T00:00:00Z","2020-11-13T00:00:00Z","","2020-11-13T00:00:00Z","","Meat/Poultry/Other Animals  Unprepared/Unprocessed","Seaboard Foods LLC","Pork","112","g","United States","71","18.75","","","8.04","2.68","","","","62","","286","","0.64","","","","","","","","","","","","","","","","","","","","","","","","","","","","",""
"90736490977630","1106001","Pork Loin Bone In Center Cut False Lean Removed Chine Removed","GDSN","2020-09-15T00:00:00Z","2020-11-13T00:00:00Z","","2020-11-13T00:00:00Z","","Meat/Poultry/Other Animals  Unprepared/Unprocessed","Seaboard Foods LLC","Basted NTE 16% Added Solution* of Water, Potassium Chloride, Vinegar, Natural Flavor.","112","g","United States","71","19.64","0","0","8.04","3.12","","","0","45","0","45","0","0.32","0","0","","","","","0","","","","","","","","","","","","","","","","","","","","","",""
"10886476993612","1106002","Pork Loin Bone In Chine Removed Chop with Jalapeno Seasonings","GDSN","2020-10-02T00:00:00Z","2020-11-13T00:00:00Z","","2020-11-13T00:00:00Z","","Meat/Poultry/Other Animals  Unprepared/Unprocessed","Seaboard Foods LLC","Basted with up to 16% Solution Of Water, Potassium Chloride, Vinegar, Natural Flavor. Jalapeno Seasonings** Salt, vinegar solids (Maltodextrin, white distilled vinegar, modified food starch), sugar, granulated onion, granulated garlic, chilies, inactive dried Torula yeast, citric acid, jalapeno flavor, green bell pepper powder, spices.","112","g","United States","71","16.96","1.79","","8.04","2.68","","","8.04","58","0","812","","0.64","","","","","","","","","","","","","","","","","","","","","","","","","","","","",""